_repeat_id,n_configs,delta_locs,avg_mcc,cnt_exact,cnt_interactions,cnt_wrong,avg_f,_thread_id
0,198,-84,0.444555,10,25,15,0.546978,5,
1,700,0,0.958375,23,25,2,0.998440,6,
2,1310,0,0.960000,24,25,1,0.999998,0,
3,1879,0,0.960000,24,25,1,0.999998,3,
4,2434,0,0.960000,24,25,1,0.999998,1,
5,2938,0,0.960000,24,25,1,0.999998,2,

MED,1594.5,0,0.96,24,25,1,0.999998,2.5,
SIR,867,0,0.000812525,0.5,0,0.5,0.000779221,2,
MEAN,1576.5,-14,0.873822,21.5,25,3.5,0.924235,2.83333,
