_repeat_id,n_configs,delta_locs,avg_mcc,cnt_exact,cnt_interactions,cnt_wrong,avg_f,_thread_id
0,198,0,0.955749,22,25,3,0.996258,5,
1,700,0,0.956230,22,25,3,0.996531,1,
2,1310,0,0.959437,23,25,2,0.999465,13,
3,1879,0,0.960000,24,25,1,0.999998,0,
4,2434,0,0.959437,23,25,2,0.999465,4,
5,2938,0,0.960000,24,25,1,0.999998,2,

MED,1594.5,0,0.959437,23,25,2,0.999465,3,
SIR,867,0,0.0018851,1,0,1,0.0017335,2,
MEAN,1576.5,0,0.958476,23,25,2,0.998619,4.16667,
